title,company_name,location,experience,education,deadline
"[코스닥 상장사] Linux,Python,Java,Api 개발자 모집(신입/경력)",(주)파이오링크,서울 금천구,신입·경력,초대졸↑,"~ 12/31(화)
입사지원"
소프트웨어 개발 (Java&Python) 신입 및 경력 모집,마인드원(주),서울 강남구,신입,대졸↑,"~ 01/09(목)
입사지원"
"AI 개발(Python), 데이터분석 및 사업 기획 모집",(주)마크클라우드,서울 강남구,신입·경력,대졸↑,"~ 12/20(금)
입사지원"
"AI 개발(Python), 데이터분석 및 사업 기획 모집(인턴)",(주)마크클라우드,서울 강남구,경력무관,대졸↑,"~ 02/07(금)
입사지원"
ORACLE/PYTHON/JAVA/SQL 개발자 모집,㈜칸테크,서울 강남구,경력무관,초대졸↑,"~ 01/05(일)
입사지원"
[솔루션] 백엔드 개발자 모집(python),조베이스(주),서울 강남구,경력무관,대졸↑,"~ 01/08(수)
입사지원"
[코레이즈]  Python (Flask) 웹 개발자 채용 (신입-보충역),(주)코레이즈홀딩스,서울 성동구,신입·경력,학력무관,"~ 01/04(토)
입사지원"
[재택근무] REACT · PHP · PYTHON 개발자 모집,행복쇼핑(주),서울 양천구,경력3년↑,초대졸↑,"~ 01/25(토)
입사지원"
파이썬(Python) 크롤링 가능하신분 구합니다.,(주)케이엘피,서울 강남구,경력무관,고졸↑,"오늘마감
입사지원"
마켓빌리 JAVA / DBA / TA / AA / PYTHON Recruitment,플러거,서울 강남구,경력무관,학력무관,"~ 12/25(수)
입사지원"
"지속 성장가능한 개발 인력 모집-Flutter,Python,JAVA,재택가능",(주)만들다컴퍼니,경기 안양시 동안구,경력무관,대졸↑,"채용시
입사지원"
Python 개발 연구원 채용,(주)엑스오비스,서울 강남구,경력 2~6년,대졸↑,"~ 01/09(목)
입사지원"
[Python 프로그래밍] 백엔드/서버개발 경력직 모집,(주)에프아이솔루션,서울 금천구,경력무관,학력무관,"~ 01/12(일)
입사지원"
백엔드 엔지니어 (Python) 채용,(주)엘리스그룹,서울 강남구,경력 3~5년,대졸↑,"~ 01/11(토)
입사지원"
[강남/5000천이상] 플랫폼 백엔드 개발 (Python) 정규직,(주)사람인에이치에스,서울 강남구,경력 4~12년,학력무관,"채용시
입사지원"
AI 서비스 - 자연어처리(NLP)/Python 엔진 개발 (추가 채용),아일리스프런티어(주),서울 종로구,경력 1~3년,학력무관,"채용시
입사지원"
AI 서비스 - 자연어처리 (NLP) / Python 엔진 개발 (추가 채용),아일리스프런티어(주),서울 종로구,경력 1~3년,학력무관,"~ 01/08(수)
입사지원"
차량용 S/W Test 자동화 검증(Python),(주)링크제니시스,인천 서구,신입·경력,초대졸↑,"~ 01/14(화)
입사지원"
정규 Python/Data Engineer (신입/경력) 채용,(주)데이터다이나믹스,경기 용인시 수지구,신입·경력,학력무관,"~ 12/25(수)
입사지원"
"[신입/경력] 온라인 광고 플랫폼 개발 (Python, Django)",(주)니트머스,서울 영등포구,신입,초대졸↑,"내일마감
입사지원"
NestJS+Python 백엔드 개발자 팀장 채용,(주)씨에스엠17,서울 금천구,경력5년↑,대졸↑,"~ 01/02(목)
입사지원"
Python Back-end Engineer,올거나이즈코리아(주),서울 강남구,경력 3~10년,학력무관,"~ 01/07(화)
입사지원"
소프트웨어 엔지니어 인턴 모집 (Python),(주)크립토랩,서울 관악구,경력무관,대졸↑,"~ 12/31(화)
입사지원"
"[DealMakers] BE, Python Software Engineer 모집",(주)꿈선생,부산 남구,경력무관,학력무관,"~ 01/04(토)
입사지원"
세븐미어캣  Python 백엔드 개발자 인재채용,(주)세븐미어캣,경기 시흥시,경력2년↑,학력무관,"~ 12/31(화)
입사지원"
(주)디지키 Python 데이터 처리 및 분석 프로그램 개발자 모집,(주)디지키,경기 안양시 만안구,신입·경력,학력무관,"상시채용
입사지원"
"파이썬(Python, AWS) 경력 개발자 채용",(주)한국미용데이터,서울 관악구,경력1년↑,학력무관,"~ 01/01(수)
입사지원"
파이썬(Python) 기반의 풀스택 개발자 모십니다.,(주)케이엘피,서울 강남구,경력무관,고졸↑,"오늘마감
입사지원"
"Full Stack Engineer (Python, C# Developer) 풀스택 개발자",NIMBYX CAPITAL INC.,서울 강남구,신입·경력,대졸↑,"~ 01/20(월)
입사지원"
파이썬(Python) 및 앱(ios/안드로이드) 개발자 모집,주식회사비전코어,대구 동구,경력3년↑,초대졸↑,"~ 12/28(토)
입사지원"
파이썬(Python) 및 앱(ios/안드로이드) 개발자 모집중,주식회사비전코어,대구 동구,경력3년↑,초대졸↑,"~ 12/31(화)
입사지원"
"[경력] Payment Service 개발팀 백엔드/Python,Django 정규직",(주)기가스,대구 수성구,경력4년↑,대졸↑,"내일마감
입사지원"
"프로그램 개발자 모집(Machine Vision, AI(Python), C, C#, C++)",(주)케이텍,경북 포항시 남구,경력무관,초대졸↑,"상시채용
입사지원"
[웹개발] Python 백엔드/서버 인턴 개발자 채용 (ASAP),오에스원(OS1),서울 중구,경력무관,대졸↑,"채용시
입사지원"
"[AI개발]Python,Java,사내 LLM 구축 숙련 개발자 구인[프리O]",씨맥스주식회사,경기 성남시 분당구,경력5년↑,학력무관,"~ 01/04(토)
입사지원"
"[AI디지털플랫폼팀] 웹개발자(Python, React, 경력 5년 이상) 경력직 채용",(주)이노룰스,서울전체,경력 5~15년,학력무관,"~ 12/17(화)
입사지원"
"[코스닥상장사] 전문연구요원(병역특례)모집 Linux,Python,C",(주)파이오링크,서울 금천구,경력무관,석사↑,"~ 12/20(금)
입사지원"
한영넉스 AI연구소 - Python 어플리케이션 개발자 채용,(주)한영넉스,서울 영등포구,경력3년↑,대졸↑,"~ 01/09(목)
입사지원"
에스트래픽 Python 개발자 모집 (경력),에스트래픽(주),경기 성남시 수정구,경력5년↑,초대졸↑,"오늘마감
입사지원"
Python개발자 채용(경력),에이치에스소프트(주),인천 연수구,경력,학력무관,"내일마감
입사지원"
백엔드 개발자 (Python),(주)바로팜,서울 강남구,경력 7~12년,학력무관,"~ 12/30(월)
입사지원"
[재택근무] REACT · PHP · PYTHON 개발자 모집,행복쇼핑(주),서울 양천구,경력3년↑,초대졸↑,"~ 01/25(토)
입사지원"
"프로그램 개발자 모집(Machine Vision, AI(Python), C, C#, C++)",(주)케이텍,경북 포항시 남구,경력무관,초대졸↑,"상시채용
입사지원"
[유망 스타트업] [경력] 백엔드 개발자 채용 (파이썬),링크루트,서울 관악구,경력 5~10년,대졸↑,"채용시
입사지원"
파이썬(Python) 및 앱(ios/안드로이드) 개발자 모집,주식회사비전코어,대구 동구,경력3년↑,초대졸↑,"~ 12/28(토)
입사지원"
에스트래픽 Python 개발자 모집 (경력),에스트래픽(주),경기 성남시 수정구,경력5년↑,초대졸↑,"오늘마감
입사지원"
Python BackEnd Developer,(주)에이젠글로벌,서울전체,경력 5~20년,대졸↑,"~ 12/20(금)
입사지원"
"C#,C++,Python 프로그래머 모집(판교)",(주)비비파트너스,경기 성남시 분당구,경력 3~6년,대졸↑,"~ 01/03(금)
입사지원"
[Python 프로그래밍] 백엔드/서버개발 경력직 모집,(주)에프아이솔루션,서울 금천구,경력무관,학력무관,"~ 01/12(일)
입사지원"
Python 개발 연구원 채용,(주)엑스오비스,서울 강남구,경력 2~6년,대졸↑,"~ 01/09(목)
입사지원"
세븐미어캣  Python 백엔드 개발자 인재채용,(주)세븐미어캣,경기 시흥시,경력2년↑,학력무관,"~ 12/31(화)
입사지원"
"[AI개발]Python,Java,사내 LLM 구축 숙련 개발자 구인[프리O]",씨맥스주식회사,경기 성남시 분당구,경력5년↑,학력무관,"~ 01/04(토)
입사지원"
[경력AI 개발] Full stack 개발자/React/Python,(주)데이터트리,서울 금천구,경력5년↑,대졸↑,"~ 12/24(화)
입사지원"
대기업 서비스 스벨트/파이썬 개발자 채용,(주)아이이에이,서울 강서구,경력,학력무관,"~ 01/10(금)
입사지원"
Back-End Engineer (Python/Django),(주)뮤즈라이브,서울 마포구,경력 2~5년,학력무관,"~ 01/04(토)
점핏에서 지원"
파이썬(Python) 및 앱(ios/안드로이드) 개발자,주식회사비전코어,대구 동구,경력3년↑,대졸↑,"~ 12/17(화)
입사지원"
[파운트/핀테크] 백엔드 개발자(Python/리드급),(주)파운트,서울 중구,경력 7~15년,학력무관,"~ 12/30(월)
입사지원"
시니어 파이썬 백엔드 엔지니어 채용,(주)알로카도스,서울 강남구,경력 5~15년,학력무관,"~ 12/18(수)
입사지원"
[(주)아이젝스] Mac Agent 파이썬 개발자 채용 공고,(주)아이젝스,서울 금천구,경력2년↑,초대졸↑,"~ 12/31(화)
입사지원"
AI 서비스 - 자연어처리 (NLP) / Python 엔진 개발 (추가 채용),아일리스프런티어(주),서울 종로구,경력 1~3년,학력무관,"~ 01/08(수)
입사지원"
파이썬(Python) 기반의 풀스택 개발자 모십니다.,(주)케이엘피,서울 강남구,경력무관,고졸↑,"오늘마감
입사지원"
NestJS+Python 백엔드 개발자 팀장 채용,(주)씨에스엠17,서울 금천구,경력5년↑,대졸↑,"~ 01/02(목)
입사지원"
백엔드 엔지니어 (Python) 채용,(주)엘리스그룹,서울 강남구,경력 3~5년,대졸↑,"~ 01/11(토)
입사지원"
[코레이즈]  Python (Flask) 웹 개발자 채용 (경력),(주)코레이즈홀딩스,서울 성동구,경력 5~10년,학력무관,"~ 01/04(토)
입사지원"
"PC 제어프로그래머 (C, C++, C#, Python)",한단제어기술,경기 안양시 동안구,경력3년↑,대졸↑,"~ 01/08(수)
입사지원"
"[코스닥상장사] 전문연구요원(병역특례)모집 Linux,Python,C",(주)파이오링크,서울 금천구,경력무관,석사↑,"~ 12/20(금)
입사지원"
한영넉스 AI연구소 - Python 어플리케이션 개발자 채용,(주)한영넉스,서울 영등포구,경력3년↑,대졸↑,"~ 01/09(목)
입사지원"
[Python SI 판교] 문서 비교 시스템 개선   (3),(주)제이투이,경기 성남시 분당구,경력9년↑,초대졸↑,"~ 12/29(일)
입사지원"
[Python SI 수원] 차세대 SCM 프로젝트 (2),(주)제이투이,경기 수원시 권선구,경력10년↑,초대졸↑,"~ 01/09(목)
입사지원"
Python/Django 백엔드 개발자,프라이스원,서울 강남구,경력 4~10년,학력무관,"~ 02/04(화)
입사지원"
"[NCS 훈련교사] 빅데이터(파이썬)엘러스틱서치,자바웹 전문강사",더조은컴퓨터아카데미종로,서울 종로구,경력무관,학력무관,"오늘마감
입사지원"
파이썬 개발자 과정 강사 채용,(주)세종교육,경기 성남시,신입·경력,고졸↑,"~ 01/08(수)
입사지원"
Python Back-end Engineer,올거나이즈코리아(주),서울 강남구,경력 3~10년,학력무관,"~ 01/07(화)
입사지원"
파이썬(Python) 및 앱(ios/안드로이드) 개발자 모집중,주식회사비전코어,대구 동구,경력3년↑,초대졸↑,"~ 12/31(화)
입사지원"
"코박(Cobak) 백엔드 개발자 [3년 이상](Python,Django)",(주)판도라티비,경기전체,경력 3~10년,학력무관,"~ 01/01(수)
입사지원"
[ Backend] 경력직 Python 개발자 채용,아이디벨롭 주식회사,서울 강남구,경력 3~10년,학력무관,"~ 01/12(일)
입사지원"
국가연구과제 SI 개발자 모집(Java/Python/React/SpringBoot),(주)케파스,서울 강남구,경력 4~18년,초대졸↑,"~ 02/07(금)
입사지원"
[금융/핀테크/Python] 백엔드 엔지니어(리드급),(주)파운트,서울 중구,경력 8~20년,학력무관,"~ 01/10(금)
입사지원"
Python 개발자 채용 (4~8년차),(주)미니레코드,서울전체,경력 4~8년,학력무관,"~ 01/02(목)
입사지원"
데이터사이언티스트(AI.ML.딥러닝.대용량데이터.SQL.Python),(주)스카우트파트너스,서울 강남구,경력 4~15년,대졸↑,"~ 01/11(토)
입사지원"
(주)버블콘 백엔드 개발 PL/PM (Python) 경력직 채용,(주)버블콘,서울 구로구,경력 7~13년,학력무관,"~ 01/01(수)
입사지원"
Python을 이용한 Data Migration,(주)스톤빌드,서울 강서구,경력9년↑,학력무관,"~ 12/20(금)
입사지원"
AI 솔루션 백엔드(Python) 개발자 채용,코리아써치,서울 송파구,경력5년↑,초대졸↑,"~ 01/12(일)
입사지원"
[개발팀]NestJS+Python 백엔드 경력직 개발자 채용,(주)씨에스엠17,서울 금천구,경력3년↑,대졸↑,"~ 01/12(일)
입사지원"
[IT 솔루션 및 통합서비스 전문기업] 파이썬(Python) 개발자,에이치알포유(주),서울 강남구,경력 5~20년,초대졸↑,"~ 12/20(금)
입사지원"
"전산회계/세무2급, 파이썬(코딩), 오토캐드 강사 모집",동원컴퓨터학원,경남 김해시,경력1년↑,학력무관,"~ 12/20(금)
입사지원"
[사람인] 데이터 엔지니어 (전환형인턴),(주)사람인,서울전체,신입·경력,학력무관,"~ 12/22(일)
입사지원"
SW개발팀 신입 채용,(주)엠플러스,경기 수원시 권선구,신입,대졸↑,"~ 12/31(화)
입사지원"
[카카오자회사] DBA 영입,(주)디케이테크인,경기 성남시 분당구,경력 1~16년,학력무관,"~ 12/25(수)
입사지원"
Watt 개발 전문인력 모집,왓트(주),서울 서초구,경력무관,학력무관,"상시채용
입사지원"
[AInation] 인공지능 백앤드(Back-End) 개발자 모집 (경력),(주)에이아이네이션,서울 서초구,경력2년↑,학력무관,"~ 01/05(일)
입사지원"
[빅아이디언] SW솔루션 개발 신입 채용,(주)빅아이디언,서울 금천구,신입,학력무관,"~ 01/11(토)
입사지원"
Senior Full Stack Developer 채용,브랜드인게이지먼트네트워크인크(영업소),서울 용산구,경력 5~15년,대졸↑,"상시채용
입사지원"
Windows 신입 개발자 채용,피에스아이플러스 주식회사,경기 수원시 영통구,신입,초대졸↑,"~ 12/19(목)
입사지원"
서버 파트 부문(신입),(주)비바이노베이션,서울 강남구,신입·경력,고졸↑,"~ 01/03(금)
입사지원"
Software Engineer (Intern),(주)넥스트챕터,서울 성동구,신입,학력무관,"오늘마감
홈페이지 지원"
[데이터팀] 백엔드 개발자 인턴 채용 (7월 31일 까지),(주)코딧,서울 영등포구,신입,대졸↑,"채용시
입사지원"
지지옥션에서 응용 개발자를 모집합니다.,(주)지지옥션,서울 용산구,경력 1~5년,학력무관,"~ 12/25(수)
입사지원"
응용 프로그램 개발자 채용 공고의 건,쿤텍(주),경기 성남시 수정구,신입·경력,학력무관,"상시채용
입사지원"
엔씨소프트 전 부문 수시 채용,(주)엔씨소프트,경기 성남시 분당구,신입·경력,학력무관,"~ 05/14(수)
홈페이지 지원"
AI & MLOps 플랫폼  AI 개발/엔지니어 및 MLOps 개발자 채용공고,(주)더존비즈온,서울 중구,경력무관,학력무관,"상시채용
입사지원"
스쿨버스 백엔드 개발자 / 플로터 Flutter 개발자 채용(경력1년),(주)스쿨버스,서울 강서구,경력1년↑,학력무관,"~ 12/19(목)
입사지원"
개발/웹/앱/인공지능/데이터분석/AI ICT SI,(주)아이티공간,울산 남구,신입·경력,대졸↑,"~ 01/04(토)
입사지원"
주니어 백엔드 개발자 채용 (신입 / 경력),(주)와이톤,서울 강남구,신입·경력,초대졸↑,"~ 01/03(금)
입사지원"
데이터 분석팀 - 데이터 분석가 채용,다산팩 주식회사,서울 송파구,경력무관,대졸↑,"~ 12/18(수)
입사지원"
[신입/경력] 플랫폼 개발 / SI 개발 채용,컨트롤에프(주),대전 유성구,경력무관,초대졸↑,"채용시
입사지원"
소프트웨어 개발자 (백엔드) 공개 채용,(주)한컴인스페이스,대전 유성구,신입,대졸↑,"~ 12/18(수)
입사지원"
데이터 애널리스트 (인턴),월급쟁이부자들(주),서울 서초구,경력무관,학력무관,"오늘마감
홈페이지 지원"
데이터 사이언티스트 신입/경력 채용,(주)인실리코젠,경기 용인시 기흥구,신입·경력,대졸↑,"~ 12/31(화)
홈페이지 지원"
[신입/경력] 소프트웨어(SW) 우수인재 모집,(주)제노레이,서울 강남구,경력무관,대졸↑,"~ 12/27(금)
입사지원"
메타빌드(주) AI 개발자 인재 채용,메타빌드(주),서울 서초구,경력무관,대졸↑,"~ 01/10(금)
입사지원"
비전검사 영상처리 SW개발 신입경력사원 모집 채용,가온솔루션(주),경기 용인시 처인구,경력무관,학력무관,"~ 01/17(금)
입사지원"
[일레븐전자] 머신 비전 / 비전 프로그램 개발,(주)일레븐전자,경기 수원시 영통구,신입·경력,초대졸↑,"~ 12/20(금)
입사지원"
[Internship] 디파이 리서처,(주)하이퍼리즘,서울 관악구,경력무관,학력무관,"상시채용
홈페이지 지원"
(주)앰진 IT 백엔드 신입·경력 채용공고,(주)앰진,서울 송파구,신입·경력,대졸↑,"내일마감
입사지원"
로봇/로보틱스 S/W 엔지니어 모집(인턴/신입/경력/전문연구요원),(주)테솔로,경기 광명시,신입·경력,대졸↑,"~ 12/31(화)
입사지원"
[네오플] 프로그래밍/기술지원 직군 분야별 모집(근무지:서울),(주)네오플,서울 강남구,신입·경력,학력무관,"오늘마감
홈페이지 지원"
백엔드 개발자 Backend Developer (전환형 인턴),(주)아이이에스지,서울 용산구,신입,학력무관,"~ 12/20(금)
입사지원"
[클라우드네트웍스] 빅데이터 솔루션 엔지니어 모집 (신입/경력),(주)클라우드네트웍스,서울 강남구,경력무관,학력무관,"~ 12/29(일)
입사지원"
제이씨현시스템(주) AI연구소 AI솔루션 개발자 모집,제이씨현시스템㈜,서울 용산구,경력무관,대졸↑,"~ 12/30(월)
입사지원"
데이터 분석가 신입/경력 채용,(주)퍼플아카데미,서울전체,신입·경력,대졸↑,"~ 12/25(수)
점핏에서 지원"
[딥테크]연구개발 및 설계 신입사원 모집,(주)카이트로닉스,서울 금천구,신입,초대졸↑,"~ 12/27(금)
입사지원"
빅데이터(Splunk) 신입 엔지니어 모집,(주)타임게이트,서울 성동구,신입,초대졸↑,"~ 12/20(금)
입사지원"
[페칭] 패션 플랫폼 Node.js 백엔드 개발자 (신입·경력),(주)페칭,서울 서초구,경력무관,학력무관,"상시채용
홈페이지 지원"
데스크탑 앱 개발자,(주)클레,서울 성동구,신입·경력,대졸↑,"~ 01/02(목)
입사지원"
[로봇개발본부] 이동로봇 관제 서버(ACS) S/W개발자 채용,(주)트위니,대전 유성구,경력무관,초대졸↑,"채용시
홈페이지 지원"
자율주행 SW 개발자 채용,딥퓨전에이아이(주),서울 강남구,경력무관,초대졸↑,"~ 12/18(수)
입사지원"
부설 연구소 AI 연구원 모집,현대엠아이비인터내셔널,경기 군포시,경력무관,학력무관,"채용시
입사지원"
포체인스(주) 머신러닝 개발자를 모십니다.,포체인스(주),경기 고양시 일산서구,경력무관,대졸↑,"상시채용
입사지원"
컴퓨터 비전 딥러닝/머신러닝 개발자(ADAS/DMS/영상인식) (신입),(주)에프에스솔루션,경기전체,신입·경력,대졸↑,"~ 12/24(화)
점핏에서 지원"
[(주)아이티에스노아] 개발자 채용 (정규직),(주)아이티에스노아,서울 금천구,신입·경력,학력무관,"채용시
입사지원"
[기어세컨드] 데이터 분석가 채용,(주)기어세컨드,서울 마포구,경력무관,학력무관,"채용시
홈페이지 지원"
연구소 AI 응용프로그램 개발 및 운영 연구원,(주)미르이즈,광주 북구,신입·경력,대졸↑,"채용시
입사지원"
'24년 기업부설연구소 연구원 모집,(주)원광에스앤티,인천 서구,경력무관,학력무관,"~ 01/07(화)
입사지원"
알디에스(오뚜기IT자회사) IT (웹)운영개발 사원모집,알디에스(주),서울 강남구,신입,대졸↑,"~ 12/22(일)
입사지원"
신입사원 채용공고,롯데손해보험(주),서울 중구,신입,대졸↑,"~ 12/19(목)
홈페이지 지원"
[kt ds] 2024년 각 부문별 경력사원 상시채용,(주)케이티디에스,서울 서초구,경력2년↑,학력무관,"~ 02/28(금)
홈페이지 지원"
[넛지헬스케어] 백엔드개발 채용전환형 인턴,넛지헬스케어(주),서울 강남구,신입,학력무관,"~ 02/02(일)
입사지원"
빅데이터 와 인공지능 AI 프로그램 개발자 모십니다.,(주)더원테크,서울 금천구,경력무관,대졸↑,"~ 12/24(화)
입사지원"
[정규직] 소프트웨어 개발,㈜리버트론,서울 영등포구,경력무관,대졸↑,"~ 12/31(화)
입사지원"
[AI 전문기업 덴컴] ML Optimization 엔지니어 채용,(주)덴컴,서울 강남구,경력무관,대졸↑,"~ 01/03(금)
입사지원"
소프트웨어 엔지니어 (신입 및 경력),(주)두나미스아트테크놀로지스,서울 강남구,신입·경력,대졸↑,"상시채용
입사지원"
[신입] 캐주얼 전략액션 클라이언트/모바일 실시간전략게임 서버,(주)이스트게임즈,서울 서초구,신입,학력무관,"~ 01/04(토)
홈페이지 지원"
통합보안관리 솔루션 기술 엔지니어(신입),(주)이너버스,서울전체,신입·경력,초대졸↑,"~ 01/01(수)
입사지원"
인공지능(AI) 솔트룩스 - NLP Research Engineer 신입,(주)솔트룩스,서울 송파구,신입,대졸↑,"채용시
입사지원"
[빅밸류] Data Scientist(공통) 모집,주식회사 빅밸류,서울 중구,경력무관,학력무관,"~ 12/18(수)
입사지원"
딥러닝 알고리즘 엔지니어(신입),블루닷(주),서울 강남구,신입·경력,대졸↑,"~ 12/17(화)
입사지원"
DevOps 엔지니어,(주)이스트게임즈,서울 서초구,경력무관,학력무관,"~ 01/04(토)
홈페이지 지원"
백엔드 엔지니어,피에프씨테크놀로지스(주),서울 서초구,경력 1~5년,학력무관,"~ 12/17(화)
입사지원"
(주)유비쿼스 임베디드 SW개발 채용(네트워크 통신),유비쿼스,경기 성남시 분당구,경력무관,대졸↑,"채용시
입사지원"
연구소 Vision AI Application 개발자 모집,(주)누리콘,경기 성남시 분당구,경력무관,초대졸↑,"~ 12/17(화)
입사지원"
(주)티벨 개발연구소 내 개발자 채용,(주)티벨,서울 강남구,경력 2~15년,초대졸↑,"~ 01/20(월)
입사지원"
RPA Engineer,(주)여기어때컴퍼니,서울 강남구,경력 3~10년,학력무관,"~ 12/19(목)
홈페이지 지원"
[수시채용] 쏘테크 분석/개발자 채용 공고(스마트혁신),쏘테크(주),대전 유성구,신입·경력,초대졸↑,"채용시
홈페이지 지원"
디지털 트윈 SW 개발자 채용의 건,(주)가치소프트,세종특별자치시,신입·경력,대졸↑,"~ 01/26(일)
입사지원"
R&D 부문 신입 및 경력 사원 수시채용,(주)스타마타,서울 강남구,신입·경력,대졸↑,"~ 12/18(수)
입사지원"
투아이시스(주) 머신비전 [운영]SW개발자 모집(신입지원가능),투아이시스(주),경기 군포시,경력무관,초대졸↑,"채용시
입사지원"
[경력·전문연] 딥러닝/머신러닝 개발자 채용(내일채움공제가능),아이넷캅,서울 송파구,신입·경력,석사↑,"~ 12/27(금)
입사지원"
R&D / Data Engineer,(주)반프,서울 강남구,경력무관,학력무관,"~ 01/06(월)
홈페이지 지원"
[수술로봇] SW 개발 엔지니어(내비게이션/딥러닝/펌웨어) 채용,(주)에어스,대구 북구,경력무관,초대졸↑,"채용시
입사지원"
[백엔드 개발자] 경력직 채용,(주)화이트스캔,서울 용산구,경력3년↑,초대졸↑,"~ 01/01(수)
홈페이지 지원"
2024년 에즈웰 LLM 엔지니어 모집 (경력무관),주식회사 에즈웰,대전 유성구,경력무관,초대졸↑,"오늘마감
입사지원"
소프트웨어 개발 (신입/경력)모집,(주)케이벨,대전 유성구,신입·경력,대졸↑,"~ 01/10(금)
입사지원"
[주 3일 원격근무] 비상교육 전체직무 상시채용,(주)비상교육,경기 과천시,신입·경력,대졸↑,"~ 12/31(화)
홈페이지 지원"
㈜영신디엔씨 각 부문 신입 및 경력 채용,(주)영신디엔씨,서울 서초구,신입·경력,대졸↑,"~ 12/18(수)
입사지원"
2025년도 상반기 신입직원 채용공고,(주)비엔케이시스템,부산 강서구,신입·경력,학력무관,"오늘마감
홈페이지 지원"
헥토이노베이션 직군별 인재 모집,(주)헥토이노베이션,서울 강남구,신입·경력,초대졸↑,"~ 12/31(화)
홈페이지 지원"
2024년 (주)더캐리 IT인력(정보혁신부) 전 부문 공개채용,(주)더캐리,서울 강남구,경력무관,대졸↑,"~ 12/31(화)
입사지원"
원자력 HW개발/SW개발/철도사업엔지니어/구매생산 분야 채용 모집,(주)우리기술,서울 마포구,신입·경력,대졸↑,"~ 12/31(화)
입사지원"
[캐시워크] 데이터분석 담당 채용전환형 인턴,넛지헬스케어(주),서울 강남구,신입,대졸↑,"~ 01/06(월)
입사지원"
[이지서티] 신입 솔루션 엔지니어 채용,주식회사 이지서티,서울 강남구,신입,대졸↑,"~ 12/31(화)
입사지원"
신입사원 채용공고(데이터모델링),롯데손해보험(주),서울 중구,신입,대졸↑,"~ 12/19(목)
홈페이지 지원"
S/W QA & Test Engineer (신입/경력) 모집합니다.,컴즈(주),서울 구로구,경력무관,초대졸↑,"~ 01/01(수)
입사지원"
[여의도/연4407만/자체계약직] 한국평가데이터 DB분석/영업 채용,(주)티오에스코리아,서울 영등포구,경력무관,대졸↑,"~ 12/18(수)
입사지원"
[상시채용] 서울 개발팀 각 부문별 계약직 채용,주식회사 대륜,서울 영등포구,경력무관,대졸↑,"상시채용
입사지원"
R&D 신입/경력/석사 채용,(주)윤성에프앤씨,경기전체,신입·경력,대졸↑,"~ 01/02(목)
입사지원"
[Ericsson-LG] SW Developer (신입/경력),에릭슨엘지(주),서울 금천구,신입·경력,대졸↑,"~ 01/02(목)
홈페이지 지원"
[잠실 IT 기업] LLM 엔지니어,(주)테스트웍스,서울 송파구,경력무관,대졸↑,"채용시
입사지원"
[AI인공지능/정보보안] 딥러닝 아키텍쳐 (AI/알고리즘연구),(주)컴트루테크놀로지,서울 마포구,신입·경력,대졸↑,"~ 01/05(일)
입사지원"
AI 개발자 채용,(주)미니레코드,서울전체,신입·경력,학력무관,"~ 01/02(목)
입사지원"
판교에서 함께 근무할 오픈스택 클라우드 플랫폼 개발자,(주)소만사,서울 영등포구,경력무관,초대졸↑,"오늘마감
입사지원"
[강남/성과급/정규직] 백엔드 개발자 주니어 채용,(주)사람인에이치에스,서울 강남구,경력 1~5년,초대졸↑,"채용시
입사지원"
ML연구소 데이터분석가 모집,(주)인텔리코드,경기 수원시 영통구,경력무관,대졸↑,"~ 12/25(수)
입사지원"
(주)이오테크닉스 개발자 모집 (AI분야),이오테크닉스,경기 안양시 동안구,경력무관,학력무관,"내일마감
입사지원"
"[신입사원/유연근무] S/W(PMS, PDM/PLM, QMS)엔지니어 채용공고",이엠솔루션,경남 창원시,경력무관,대졸↑,"~ 12/28(토)
입사지원"
[신입/경력] 빅데이터/AI  컨설턴트 모집,(주)데이터트리,서울 금천구,신입·경력,대졸↑,"~ 12/21(토)
입사지원"
IT 컨설턴트 채용,(주)영유진,대구 군위군,경력무관,대졸↑,"상시채용
입사지원"
[RippleAI] 서울대 컴퓨터공학부 교수님과 함께할 AI연구원 모집,(주)리플에이아이,서울 마포구,경력무관,대졸↑,"채용시
입사지원"
Node 서버 개발자 채용,주식회사 아이티엘,서울 서초구,신입·경력,학력무관,"채용시
입사지원"
SI : 웹 : 시스템 : 프로젝트 개발 PL PM 프로그램 개발자,(주)아이티공간,부산 기장군,신입·경력,대졸↑,"~ 01/04(토)
입사지원"
프로그래밍 연구보조원 모집(계약직/휴학생 우대),(주)칩스앤미디어,서울 강남구,신입·경력,학력무관,"~ 12/28(토)
입사지원"
정규 Java 개발자 (경력직/신입) 채용,(주)데이터다이나믹스,경기 용인시 수지구,신입·경력,학력무관,"~ 12/19(목)
입사지원"
소프트웨어 개발자,(주)에이스웍스코리아,서울 강남구,신입·경력,초대졸↑,"~ 12/31(화)
입사지원"
개발자 [AI·IOT ] /대전근무,오아시스스토리(주),대전 서구,경력,대졸↑,"상시채용
입사지원"
[C#] Machine Vision 영상처리 개발 모집,(주)코눈,서울 금천구,경력무관,초대졸↑,"상시채용
입사지원"
급성장 초기 AI 스타트업 수퍼 개발자 신입/경력 채용,(주)도슨티,서울 관악구,경력무관,학력무관,"상시채용
입사지원"
[딥브레인AI] 딥러닝 연구원 / 엔지니어 모집 (전문연구요원),(주)딥브레인에이아이,서울 강남구,경력무관,석사↑,"~ 12/18(수)
입사지원"
2024년 티에이케이정보시스템 수시채용 모집,티에이케이정보시스템㈜,서울 강서구,경력1년↑,초대졸↑,"채용시
홈페이지 지원"
IT 기술지원 S/W 신입 엔지니어 정규직 채용 (개발자 채용 X),(주)시큐어키,서울 금천구,신입,고졸↑,"~ 12/27(금)
입사지원"
[노르마] 머신러닝/인공지능 개발자 채용 (신입 및 경력),(주)노르마,서울 성동구,경력무관,대졸↑,"~ 12/29(일)
입사지원"
영상처리 알고리즘 개발자 채용 [전문연구요원 가능],(주)유아이엠디,경기 과천시,신입·경력,석사↑,"~ 12/19(목)
입사지원"
AI 에이전트 연구 기술 지원을 위한 AI Research Engineer,네이버클라우드(주),경기 성남시 분당구,경력 1~5년,학력무관,"~ 12/19(목)
홈페이지 지원"
[모빌테크] Simulation SW Developer 모집 (신입/경력),(주)모빌테크,서울 서초구,경력무관,대졸↑,"~ 12/19(목)
입사지원"
S/W 개발자 채용 (경력자우대),(주)벰로보틱스,부산 강서구,경력무관,고졸↑,"~ 01/01(수)
입사지원"
[매니지드기술지원팀] IDC 인프라 엔지니어 모집,카페24(주),경기 고양시 일산동구,경력무관,학력무관,"상시채용
입사지원"
AI 개발자,(주)에스지시큐리티컨설팅,서울 강남구,경력무관,초대졸↑,"~ 12/22(일)
입사지원"
[ timeless ] 소프트웨어 개발자 모집,(주)타임리스,부산 해운대구,경력1년↑,대졸↑,"상시채용
입사지원"
AI 암진단 개발 (전문연구요원 가능),브이픽스메디칼,대전 중구,경력무관,대졸↑,"~ 12/21(토)
입사지원"
SW 공급망 보안 솔루션 엔지니어 모집 (신입/경력),소프트플로우(주),경기 성남시 수정구,신입·경력,대졸↑,"~ 12/31(화)
입사지원"
[파이오링크] 연구소 분산스토리지 개발 담당자 모집,(주)파이오링크,서울 금천구,경력무관,대졸↑,"~ 12/25(수)
입사지원"
(주)리더스시스템즈 개발자 신입 및 경력 모집,(주)리더스시스템즈,경기 하남시,경력무관,학력무관,"채용시
입사지원"
임베디드 소프트웨어 개발자 모집(Junior),디엑스솔루션 주식회사,경기전체,신입·경력,초대졸↑,"~ 12/19(목)
점핏에서 지원"
[NHN Enterprise] 서버 엔지니어,엔에이치엔(주),경기 성남시 분당구,경력8년↑,학력무관,"채용시
홈페이지 지원"
[경력] S/W 엔지니어 채용 (비대면진료 / 의료통합시스템),(주)지피다,서울 강남구,경력무관,대졸↑,"~ 01/03(금)
입사지원"
인공지능(AI) S/W개발 팀장급 경력 모집,메이츠소프트주식회사,서울 영등포구,신입·경력,대졸↑,"~ 12/22(일)
입사지원"
[신입/경력] LLM 및 자연어 처리 연구원,(주)뉴엔에이아이,경기 고양시 일산서구,경력무관,학력무관,"~ 01/21(화)
입사지원"
해외e커머스 영업/CXM사무직/물류시스템 개발자 각 분야 채용,이엑스메이트(주),서울 강서구,경력3년↑,초대졸↑,"채용시
입사지원"
시스템 연구개발 및 웹 / 응용 SW 개발,(주)유니스소프트,대전 대덕구,신입·경력,대졸↑,"채용시
입사지원"
AI 개발자 채용,(주)유니바,대전 서구,경력무관,석사↑,"채용시
입사지원"
에듀테크 스타트업 SW.AI 교육 콘텐츠 기획 및 개발자,(주)메이킷올,경기 고양시 덕양구,경력무관,대졸↑,"~ 12/24(화)
입사지원"
한국전자기술연구원 전문계약직 연구원 채용 공고,한국전자기술연구원,경기 성남시 분당구,신입·경력,고졸↑,"~ 12/17(화)
접수방법 확인"
각 부문 신입/경력 채용공고,(주)케이엘넷,서울 강남구,신입·경력,초대졸↑,"내일마감
입사지원"
2024년 12월 NE능률 신입 및 경력(수시) 채용,(주)NE능률,서울 마포구,신입·경력,초대졸↑,"~ 12/31(화)
입사지원"
[국내TOP7로펌/법무법인YK] 강남본사 프론트엔드/ 백엔드 개발담당자 채용,법무법인와이케이,서울 강남구,신입·경력,학력무관,"~ 12/20(금)
입사지원"
㈜피아이이 하반기 경력사원 공개채용,(주)피아이이,경기 화성시,경력,초대졸↑,"~ 12/31(화)
입사지원"
에이엠㈜ 신입/경력 채용 모집,에이엠(주),경기 과천시,신입·경력,대졸↑,"~ 12/21(토)
입사지원"
[오산/세마역10분]반도체장비회사 연구소 분야별 신입/경력 채용,㈜엘오티베큠,경기 오산시,신입·경력,대졸↑,"~ 01/13(월)
입사지원"
지란지교시큐리티 각 부문별 인재 채용,(주)지란지교시큐리티,경기 성남시 수정구,신입·경력,학력무관,"~ 12/17(화)
입사지원"
[데이터분석가] Data Analyst 채용,(주)부동산플래닛,서울 강남구,경력무관,석사↑,"~ 12/29(일)
입사지원"
㈜마이크로인피니티 대전사업장 정규직 사원 모집,(주)마이크로인피니티,대전 유성구,신입·경력,대졸↑,"~ 12/31(화)
입사지원"
웹 개발자 채용(신입/경력),(주)매그파이소프트,대전 중구,경력무관,대졸↑,"~ 01/04(토)
입사지원"
서울대학교병원 AI/데이터사이언스 연구원 및 대학원생 채용,서울대학교병원,서울 종로구,경력무관,대졸↑,"~ 12/20(금)
입사지원"
종합병원 EMR 개발 /기획(부산) 채용공고,(주)더존비즈온,부산 해운대구,경력,학력무관,"~ 12/22(일)
입사지원"
"[창신] 2024년 12월 경력직 수시채용 (IPA, 관계사IT운영)",(주)창신아이엔씨,부산 사하구,신입·경력,대졸↑,"~ 12/20(금)
홈페이지 지원"
판교에서 함께 근무할 시스템 인프라 기술지원 엔지니어 채용,(주)소만사,서울 영등포구,경력2년↑,초대졸↑,"오늘마감
입사지원"
[주4.5일] Back end Developer(JAVA) 채용,(주)인라이플,서울 구로구,경력 5~15년,학력무관,"상시채용
입사지원"
시스템 엔지니어 채용,(주)브로드밴드아이디씨,경기 성남시 분당구,신입,학력무관,"채용시
입사지원"
지역별 S/W 테스트 엔지니어 모집,(주)큐드,경기 성남시 분당구,경력,초대졸↑,"오늘마감
입사지원"
[베리타스] IT팀 신입/경력사원 채용,(주)베리타스자산대부,서울 서초구,경력무관,초대졸↑,"~ 12/28(토)
입사지원"
[순환기내과] 연구원 채용,전남대학교병원,광주 동구,경력무관,대졸↑,"~ 01/04(토)
입사지원"
[딥브레인AI]  Back-End 개발자 채용 (산업기능요원/보충역),(주)딥브레인에이아이,서울 강남구,경력무관,학력무관,"~ 01/09(목)
입사지원"
[카카오자회사] 카카오i 서비스&플랫폼 운영 및 개발,(주)디케이테크인,경기 성남시 분당구,경력7년↑,학력무관,"~ 01/01(수)
입사지원"
[Back-end] 내부 서비스 백앤드 개발 및 유지보수,(주)플랙스,경기 용인시 수지구,경력무관,학력무관,"~ 01/07(화)
입사지원"
AI(딥러닝) 연구 및 개발,(주)뉴로다임,서울 성동구,신입·경력,대졸↑,"~ 01/02(목)
입사지원"
Network Engineer 채용,현대오토에버(주),서울 강남구,경력3년↑,학력무관,"상시채용
입사지원"
의료 영상기반 AI 알고리즘 개발 R&D팀 채용,프리베노틱스(주),서울 서초구,경력무관,대졸↑,"채용시
입사지원"
인공강우팀 신입사원 채용,(주)써니항공,서울 강서구,신입,대졸↑,"~ 01/02(목)
입사지원"
주식회사 이노렘 프로그램 개발 채용공고 (인턴/신입),주식회사이노렘,서울 종로구,신입,학력무관,"~ 01/08(수)
입사지원"
[정규직/일본계글로벌기업/복지우수/워라밸] S/W 개발 지원,(주)사람인에이치에스,경기 고양시 일산서구,경력무관,학력무관,"채용시
입사지원"
"[티맵모빌리티] 개발자 채용 (CE,BE,DevOps,Search,DA,개발PM)",티맵모빌리티(주),서울 중구,경력2년↑,초대졸↑,"채용시
홈페이지 지원"
[H2O KOREA] 예약사업부 개발팀 백엔드 개발자 모집,(주)에이치투오호스피탈리티,서울 강남구,경력 1~3년,학력무관,"~ 12/30(월)
입사지원"
스마트 교통 시스템/임베디드 S/W 개발자 채용,주식회사 몹티콘,서울 구로구,경력무관,대졸↑,"~ 12/20(금)
입사지원"
[상장사/성수동] ITSM 프로젝트 수행 인력 (경력),브레인즈컴퍼니(주),서울 성동구,경력 5~13년,학력무관,"오늘마감
입사지원"
[DealMakers] 데이터 사이언티스트 모집,(주)꿈선생,부산 남구,경력무관,학력무관,"~ 01/04(토)
입사지원"
AI / ML Engineer,NIMBYX CAPITAL INC.,서울 강남구,신입·경력,대졸↑,"~ 12/27(금)
입사지원"
임베디드시스템 S/W 개발자 모집,(주)캔탑스,경기 수원시 영통구,신입·경력,대졸↑,"~ 01/10(금)
입사지원"
[ADAS/ADS 개발] Vision AI 개발 신입/경력 사원 채용,이인텔리전스(주),서울 강남구,신입·경력,대졸↑,"채용시
입사지원"
"[한전KDN(나주)] 2025년도 WEB 업무시스템 유지보수(초,중급)",스타프리마(주),전남 나주시,경력1년↑,초대졸↑,"~ 12/20(금)
입사지원"
분야별 개발자 채용,플랜트인사이트 주식회사,서울 마포구,신입·경력,대졸↑,"~ 01/12(일)
입사지원"
[NDSOFT] 글로벌소셜앱 AI/데이터 부문 채용공고,(주)엔디소프트,부산 해운대구,경력무관,학력무관,"~ 12/20(금)
입사지원"
AI채용솔루션 백엔드 개발자(NLP 및 데이터 처리) 우수인재 모집,(주)인딥에이아이,서울 강남구,신입·경력,대졸↑,"~ 01/03(금)
입사지원"
[빅밸류] LLM Engineer 모집 (신입/경력),주식회사 빅밸류,서울 중구,경력무관,학력무관,"~ 12/18(수)
입사지원"
자율주행S/W 개발자 채용,(주)스카이오토넷,서울 서초구,경력,대졸↑,"~ 01/19(일)
입사지원"
NLP Researcher / Engineer,올거나이즈코리아(주),서울 강남구,신입·경력,학력무관,"~ 01/07(화)
입사지원"
KEPCO 협력사 앤솔루션에서 Web/App 개발자 모집,(주)앤솔루션,전남 나주시,경력무관,초대졸↑,"~ 12/20(금)
입사지원"
전산실 - 업무 자동화 팀 모집,(주)오제플러스,서울 영등포구,경력무관,학력무관,"~ 01/07(화)
입사지원"
시스템 SW 개발자 O명 모집,(주)누리랩,서울 영등포구,신입·경력,학력무관,"~ 01/27(월)
입사지원"
소프트웨어 엔지니어,(주)에이스웍스코리아,서울 강남구,신입·경력,초대졸↑,"~ 12/31(화)
입사지원"
강릉 자율주행 시스템 오퍼레이터 신입(경력)직원 채용,(주)에스유엠,강원 강릉시,경력무관,학력무관,"~ 02/02(일)
입사지원"
인공지능 영상 인식 SW 개발자 모집 공고,주식회사 몹티콘,서울 구로구,신입·경력,대졸↑,"~ 12/28(토)
입사지원"
(주) 레인보우로보틱스 양팔로봇 연구/개발 인력채용,(주)레인보우로보틱스,대전 유성구,신입·경력,대졸↑,"채용시
입사지원"
[데이터그룹] 데이터 엔지니어 모집,카페24(주),서울 동작구,경력2년↑,학력무관,"상시채용
입사지원"
LLM 개발 및 컨설팅 팀장급 엔지니어 채용,디딤365(주),서울 구로구,경력3년↑,대졸↑,"상시채용
입사지원"
AI 로보틱스 어플리케이션 소프트웨어 개발자,(주)씨메스,서울 강남구,신입·경력,초대졸↑,"~ 12/31(화)
점핏에서 지원"
인공지능 신약 개발 플랫폼 백엔드 프로그램 개발자 모집,삼성서울병원,서울 강남구,경력무관,대졸↑,"~ 12/29(일)
입사지원"
[웨스트월드] 기술연구소 채용 공고,(주)웨스트월드,경기 고양시 일산서구,경력무관,학력무관,"~ 01/10(금)
홈페이지 지원"
[아이아이컴바인드] 로봇 소프트웨어 엔지니어 채용 - ROS2,(주)아이아이컴바인드,서울 마포구,신입·경력,대졸↑,"~ 01/26(일)
입사지원"
[그라비티] Back-end 개발자 경력 채용,(주)그라비티,서울 마포구,경력5년↑,학력무관,"~ 01/12(일)
입사지원"
[AInation]  딥러닝 엔지니어 모집 (경력),(주)에이아이네이션,서울 서초구,경력 3~20년,학력무관,"채용시
입사지원"
Data Engineer,(주)마인드에이아이,서울 강서구,신입·경력,대졸↑,"상시채용
입사지원"
데이터 분석 개발자 경력 채용,(주)빗썸코리아,서울 강남구,경력 4~12년,대졸↑,"~ 01/04(토)
점핏에서 지원"
AI Research Engineer - LLM,(주)업스테이지,경기전체,신입·경력,학력무관,"~ 01/03(금)
입사지원"
[IT기업] DP팀 솔루션 엔지니어 경력직 채용,주식회사 자이온아이티에스,서울 서초구,신입·경력,학력무관,"~ 01/05(일)
입사지원"
[두나무] Backend Engineer (콘텐츠/검색 서비스 개발),두나무(주),서울 서초구,경력 5~20년,학력무관,"채용시
홈페이지 지원"
Data Engineer (산업기능요원),(주)트릿지,서울 서초구,경력무관,대졸↑,"~ 01/01(수)
홈페이지 지원"
(정규직&계약직) Iot/firmware  경력무관 모집 공고,오아시스스토리(주),대전 서구,경력무관,학력무관,"상시채용
입사지원"
[수원/평택] SW 테스트 엔지니어 (QA) 신입 및 경력 채용,(주)인피닉,경기 수원시 영통구,신입·경력,학력무관,"~ 12/21(토)
입사지원"
[가온그룹] AI 비전 개발자 채용,가온그룹(주),경기 성남시 분당구,경력3년↑,학력무관,"채용시
입사지원"
LLM Researcher (경력 무관),(주)애자일소다,서울 강남구,신입·경력,대졸↑,"~ 12/28(토)
점핏에서 지원"
ML Optimization 엔지니어,(주)덴컴,서울 강남구,신입·경력,대졸↑,"~ 12/24(화)
입사지원"
[아크릴] 앱 개발 / 유지보수 경력직 채용,(주)아크릴,서울 강남구,경력3년↑,대졸↑,"~ 01/01(수)
입사지원"
[병역특례 우대] AI(딥러닝)기반 Object Detection 개발자 모집,(주)디비엔텍,인천 서구,경력무관,학력무관,"~ 12/31(화)
입사지원"
[알바천국] AI서비스 백엔드 개발자 모집,(주)미디어윌네트웍스,서울 강남구,경력 3~10년,초대졸↑,"~ 12/26(목)
입사지원"
[주식회사 스페이스케이] it 분야 신입/경력 직원 채용,(주)스페이스케이,전북 전주시 덕진구,경력무관,대졸↑,"~ 01/31(금)
입사지원"
[백앤드 개발] 경력자 모집,주식회사더모빌,서울 마포구,경력3년↑,대졸↑,"~ 01/02(목)
입사지원"
Technical Support 엔지니어 주니어 채용(서울),(주)시스트란,서울 강남구,경력 1~2년,학력무관,"~ 01/04(토)
입사지원"
AI 소프트웨어 엔지니어 신입 채용,주식회사제타모빌리빌리티,대전 유성구,신입,석사↑,"~ 01/04(토)
입사지원"
스마트팩토리 AI 솔루션 셋업 엔지니어링 및 개발 (신입),(주)아하랩스,경기 성남시 분당구,신입,대졸↑,"~ 12/24(화)
입사지원"
주니어 MLops Engineer 채용,주식회사에이아이구루,서울 서초구,경력,대졸↑,"~ 12/31(화)
입사지원"
[우나스텔라] 발사체 시스템 소프트웨어 엔지니어 채용,우나스텔라(주),서울 마포구,경력무관,대졸↑,"~ 01/07(화)
입사지원"
DeFi 스마트컨트랙트 개발자 채용 (Golang),(주)온블록,서울 강남구,경력2년↑,대졸↑,"채용시
입사지원"
2D/3D Vision 및 AI SW개발 프로그래머 채용[세종],(주)가치소프트,세종특별자치시,경력무관,대졸↑,"오늘마감
입사지원"
[미러로이드] 2024년 하반기 AI(인공지능) 연구/개발 채용,(주)미러로이드,경기 성남시 수정구,경력무관,대졸↑,"채용시
입사지원"
영상 처리 연구/개발(전문연구요원가능),(주)베스텔라랩,경기전체,경력 2~10년,초대졸↑,"~ 12/22(일)
입사지원"
[(주)디프 공개채용] 웹개발자 / 경력자 모집,주식회사디프,인천 서구,경력3년↑,학력무관,"상시채용
입사지원"
백엔드 개발자 모집,(주)브릭,경기 성남시 분당구,경력3년↑,대졸↑,"~ 01/13(월)
입사지원"
Back-End개발자,아우토크립트(주),서울 영등포구,경력무관,대졸↑,"~ 01/24(금)
홈페이지 지원"
데이터 엔지니어링 크롤러 채용,(주)미스고,서울 강남구,경력 1~15년,학력무관,"~ 12/27(금)
입사지원"
클라비 기술연구소 Back-end 개발자 경력직 채용 공고,(주)클라비,서울 송파구,경력3년↑,학력무관,"~ 12/27(금)
입사지원"
뚜누 백엔드 개발자(경력자),(주)아트라미,대구 남구,경력2년↑,학력무관,"상시채용
입사지원"
Data Engineer (Jr),(주)데이터라이즈,서울 강남구,경력2년↓,학력무관,"오늘마감
홈페이지 지원"
[미리디] 데이터 엔지니어,(주)미리디,서울 구로구,경력 2~7년,학력무관,"~ 12/31(화)
홈페이지 지원"
(주)다울디엔에스  상시채용 - Solution 개발 부문,(주)다울디엔에스,대구 동구,경력무관,초대졸↑,"상시채용
입사지원"
데이터 엔지니어링 크롤러 채용,(주)미스고,서울 강남구,경력 1~15년,학력무관,"오늘마감
입사지원"
[아이디어콘서트] 개발자 모집 (AI 개발자),(주)아이디어콘서트,경기 성남시 수정구,경력,학력무관,"~ 12/22(일)
입사지원"
(전문연구요원 가능) ML Engineer / Researcher 채용 공고,(주)에너자이,서울 강남구,경력무관,초대졸↑,"~ 01/19(일)
입사지원"
[모핑아이] 풀스택 개발자 채용 공고 (경력 3년),(주)모핑아이,서울 영등포구,경력3년↑,학력무관,"채용시
입사지원"
[PC/PLC 제어] 자동화 장비 제어 개발자 경력직 채용,(주)이프,경기 화성시,경력5년↑,학력무관,"~ 01/19(일)
입사지원"
AI분야 경력자 채용,(주)스마트프로,대전 유성구,경력7년↑,석사↑,"채용시
입사지원"
온디바이스 AI SW 엔지니어 채용 공고,(주)옵트에이아이,서울 강서구,경력2년↑,대졸↑,"~ 12/24(화)
입사지원"
[토스] Facepay Operations Specialist (얼굴결제),(주)비바리퍼블리카,서울 강남구,경력무관,학력무관,"채용시
홈페이지 지원"
서버/응용소프트웨어 개발자 채용[경력],(주)에이아이리더,서울 마포구,경력,학력무관,"~ 01/01(수)
입사지원"
WebRTC/백엔드 개발자 모집,엑스퍼트아이엔씨(주),서울전체,경력 5~15년,대졸↑,"~ 12/19(목)
입사지원"
[에너지 IT기업 해줌] 백엔드 개발자 채용,주식회사 해줌,서울 송파구,경력5년↑,학력무관,"~ 12/31(화)
홈페이지 지원"
[경력] Back-end 개발자 채용(내일채움공제가능),(주)시큐리온,서울 송파구,경력5년↑,초대졸↑,"~ 12/20(금)
입사지원"
(주)온더아이티 신입&경력 개발자 모집,㈜온더아이티,경기 성남시 분당구,경력무관,대졸↑,"~ 12/31(화)
입사지원"
AI로봇 스타트업 : AI 개발 인력을 채용합니다,주식회사씨에이,서울 마포구,경력무관,초대졸↑,"~ 12/31(화)
입사지원"
2024년 하반기 신입사원 모집공고,고황엔지니어링(주),서울 강남구,경력무관,학력무관,"~ 12/18(수)
입사지원"
[에스유엠] 자율주행차 운영 및 데이터 관리자 채용,(주)에스유엠,서울 종로구,경력무관,학력무관,"채용시
입사지원"
춘천 여행사 소프트웨어개발자 정직원 모집,(주)비즈온네트웍스,강원 춘천시,신입·경력,초대졸↑,"상시채용
입사지원"
백엔드 개발자 Backend Developer (3년차 이상),(주)아이이에스지,서울 용산구,경력 3~10년,대졸↑,"~ 12/20(금)
입사지원"
SW개발팀 AI Leader 및 AI 개발 담당 경력자 모집 (서울근무),(주)디오,서울 강서구,경력무관,석사↑,"채용시
입사지원"
마케팅 플랫폼 개발자 신입/경력 채용,(주)미라클인터랙티브,서울 영등포구,경력무관,학력무관,"~ 12/25(수)
입사지원"
[생물정보연구] 한양대학교 에리카 캠퍼스 연구원 모집,한양대학교에리카산학협력단,경기 안산시 상록구,경력,석사↑,"~ 01/26(일)
입사지원"
"생성형 AI 영상팀 신설에 의한 [기획,제작자]및[엔지니어]모집",(주)순이엔티,서울 마포구,경력무관,학력무관,"~ 12/18(수)
입사지원"
㈜에이스해양 자료처리 신입/경력사원 모집 (단순한pc작업),(주)에이스해양,경기 안산시 단원구,경력무관,대졸↑,"~ 12/31(화)
입사지원"
엔티렉스 로봇 연구소 연구원 모집,(주)엔티렉스,인천 미추홀구,경력,초대졸↑,"~ 12/27(금)
입사지원"
[딜리버드코리아] 마케팅팀 글로벌 퍼포먼스 마케터 모집,(주)딜리버드코리아,서울 강서구,경력,학력무관,"채용시
입사지원"
(주)에이아이오투오 AI 개발자 채용,(주)에이아이오투오,경기 성남시 수정구,경력무관,대졸↑,"~ 01/27(월)
입사지원"
2024년 12월 캐논코리아 신입사원(채용연계형인턴)모집,캐논코리아 주식회사,서울 강남구,신입,대졸↑,"23시마감
홈페이지 지원"
2024년 메리츠화재 하반기 각 부문별 신입/경력 채용,메리츠화재해상보험(주),서울전체,신입·경력,초대졸↑,"~ 12/18(수)
홈페이지 지원"
㈜위즈코리아/㈜위즈COK '24년 하반기 신입/경력 사원 모집,(주)위즈코리아,서울 강서구,신입·경력,학력무관,"~ 12/31(화)
입사지원"
도미노피자 각 부문(자회사 포함) 공개 채용,청오디피케이(주),서울 강남구,신입·경력,학력무관,"~ 12/27(금)
입사지원"
LSP 하반기 신입/경력 채용,(주)라이프스타일프로젝트,서울 강남구,신입·경력,학력무관,"상시채용
입사지원"
2024년 하반기 상시채용 모집,(주)티엑스알로보틱스,경기 부천시,경력무관,학력무관,"~ 12/22(일)
입사지원"
[NARA SPACE] 각 부문별 직원모집,(주)나라스페이스테크놀로지,서울 영등포구,신입·경력,초대졸↑,"상시채용
입사지원"
㈜푸드테크 하반기 신입/경력 전부문 채용,(주)푸드테크,서울 강남구,신입·경력,초대졸↑,"~ 12/31(화)
입사지원"
"㈜위즈코리아/㈜위즈COK SE(시스템 엔지니어), PM 채용",(주)위즈코리아,서울 강서구,신입·경력,학력무관,"~ 12/31(화)
입사지원"
2025년도 2월 별정직(계약직) 직원 모집,한국자동차연구원,충남 천안시,경력무관,초대졸↑,"~ 12/23(월)
홈페이지 지원"
본사 각 부문별 채용,(주)디알젬,경기 광명시,신입·경력,초대졸↑,"~ 12/20(금)
입사지원"
2024 한글과컴퓨터 신입/경력 채용,(주)한글과컴퓨터,경기 성남시 분당구,경력무관,대졸↑,"오늘마감
홈페이지 지원"
[CI] 현대캐피탈 금융기획팀 (데이터분석/지계수 분석) 채용,(주)씨아이템프러리,서울 중구,경력무관,학력무관,"~ 01/11(토)
입사지원"
데이터분석/바이오/설계/AR/VR/전기 취업연계 교육생 모집,한국폴리텍대학 광명융합기술교육원,경기전체,경력무관,초대졸↑,"~ 12/31(화)
홈페이지 지원"
[600만명이 선택한 패스오더] '그로스마케터(그로스해커)' 채용,(주)페이타랩,서울 강남구,경력무관,학력무관,"~ 01/08(수)
홈페이지 지원"
현대바이오랜드 IT 담당자 채용,(주)현대바이오랜드,충북 청주시 청원구,경력 3~5년,대졸↑,"오늘마감
홈페이지 지원"
"[웹개발] 프론트엔드(Svelte), 백엔드(Djnago, Node.js) 개발자",(주)타이거씨엔에스,서울 성동구,신입·경력,학력무관,"~ 01/11(토)
입사지원"
로봇/로보틱스 임베디드 엔지니어(인턴/신입/경력/전문연구요원),(주)테솔로,경기 광명시,신입·경력,대졸↑,"~ 12/31(화)
입사지원"
연구개발(알고리즘개발 /소프트웨어개발) 담당자 채용,(주)에이아이매틱스,경기 성남시 분당구,신입·경력,초대졸↑,"~ 01/10(금)
입사지원"
데이터 사이언스 인턴 채용공고,(주)마스,서울 서초구,신입,대졸↑,"~ 02/11(화)
입사지원"
[중앙일보] 플랫폼개발팀 백엔드개발 경력 채용,중앙일보(주),서울 마포구,경력 3~10년,대졸↑,"오늘마감
홈페이지 지원"
[강남구/정규직]  백엔드 개발 TEAM 경력 채용,(주)사람인에이치에스,서울 강남구,경력 2~8년,초대졸↑,"채용시
입사지원"
(유)삼송 SW/HW/SWQA 신입/경력직 모집,(유)삼송,서울 금천구,경력무관,학력무관,"~ 12/18(수)
입사지원"
클라우드 인프라 엔지니어 신입 채용공고,(주)비에스지원,서울 강남구,신입,학력무관,"~ 01/31(금)
입사지원"
생물정보분석(Bioinformatics) 직원 채용(신입/경력),(주)디엔에이링크,서울 강서구,신입·경력,대졸↑,"~ 12/23(월)
입사지원"
백엔드 개발자 [신입],(주)팜팜,광주전체,신입·경력,학력무관,"~ 01/08(수)
입사지원"
[신입/인턴]  AI 프로젝트 매니저(APM),한국딥러닝(주),서울 서초구,신입,대졸↑,"~ 12/31(화)
입사지원"
(정규/잠실)클라우드(AWS) 서버  시스템 엔지니어(SE/TA) 모집,(주)웨어포인트,서울 송파구,신입·경력,대졸↑,"채용시
입사지원"
정보보안 직무 채용,디딤365(주),서울 구로구,신입·경력,초대졸↑,"~ 12/25(수)
입사지원"
[AI SaaS 기업] 인공지능 R&D 연구원 모집,(주)퀀텀에이아이,서울 강남구,경력무관,대졸↑,"채용시
입사지원"
[칸타코리아] 마케팅조사 사업부 Senior Data Analyst 채용,(주)칸타코리아,서울 영등포구,경력무관,대졸↑,"~ 12/20(금)
입사지원"
불법 저작권 모니터링 시스템 개발 및 운영,(주)두다지,서울 관악구,신입·경력,대졸↑,"~ 12/17(화)
입사지원"
[메타엠]AICC R&D실/개발실/A솔루션실 개발자 채용,(주)메타엠,서울 중구,경력무관,학력무관,"상시채용
입사지원"
데이터 분석가 모집,(주)더블미디어,서울 강남구,경력 2~10년,학력무관,"~ 01/13(월)
입사지원"
[부문별] 2024년도 하반기 채용,(주)티엔이테크,경기 용인시 기흥구,경력무관,초대졸↑,"~ 01/03(금)
입사지원"
데이터 분석가,(주)콜로세움코퍼레이션,서울 강남구,경력 1~10년,학력무관,"~ 12/28(토)
입사지원"
공동체 원격 평생교육원  학점은행 LMS  유지보수,(주)지식공동체,서울 강서구,신입·경력,학력무관,"~ 02/10(월)
입사지원"
클라우드 SE 신입 및 경력사원 채용,디딤365(주),서울 구로구,신입·경력,초대졸↑,"상시채용
입사지원"
[NARA SPACE] 나라스페이스 기술부문 인재 모집,(주)나라스페이스테크놀로지,서울 영등포구,신입·경력,학력무관,"~ 01/10(금)
홈페이지 지원"
[CHAI CRE.W] 광고솔루션 백엔드 개발자 모집(경력 2년~6년),(주)차이커뮤니케이션,서울 강남구,경력 2~6년,학력무관,"상시채용
입사지원"
[디퍼아이] 인공지능 딥러닝 임베디드 SW 개발자 채용,(주)디퍼아이,서울 서초구,경력무관,학력무관,"~ 12/24(화)
입사지원"
[잠실 IT 기업] Robot Vision 엔지니어,(주)테스트웍스,서울 송파구,경력무관,대졸↑,"채용시
입사지원"
소프트웨어 개발자 채용 공고,(주)왓위케어,서울 성동구,경력무관,학력무관,"~ 12/28(토)
입사지원"
[딜리버드코리아] 데이터 분석가 / 데이터 사이언티스트 모집,(주)딜리버드코리아,부산 해운대구,경력,학력무관,"채용시
입사지원"
[EBIT] AI Trainer - 개발자 채용 (재택근무 / 파트타임),주식회사 이빗,서울 강남구,경력무관,대졸↑,"~ 01/05(일)
홈페이지 지원"
[파워이십일] 신입/경력직(소프트웨어팀) 채용공고,(주)파워이십일,대전 유성구,신입·경력,대졸↑,"내일마감
입사지원"
[무료교육] 제조기업 기반 빅데이터 분석 실무,(사)한국기술사업화진흥협회,대구 달서구,경력무관,학력무관,"~ 12/17(화)
입사지원"
[비투엔]  데이터 컨설팅 및 구축 사업 포지션별 담당자 채용,(주)비투엔,서울 용산구,신입·경력,초대졸↑,"~ 12/25(수)
입사지원"
SW 개발자 모집 (대구),(주)소프트아이텍,대구 동구,경력3년↑,초대졸↑,"~ 12/27(금)
입사지원"
(주)그림 머신비전 SW 소프트웨어 개발자(C++/MFC) 채용,(주)그림,경기 광명시,경력무관,학력무관,"~ 12/19(목)
입사지원"
[비투엔] 데이터 표준 및 데이터 품질 관리 컨설턴트 채용,(주)비투엔,서울 용산구,신입·경력,대졸↑,"~ 12/27(금)
입사지원"
AI연구원 (Computer Vision AI),(주)딥노이드,서울전체,신입·경력,석사↑,"~ 01/03(금)
입사지원"
AI 연구원,한화비전(주),경기전체,경력 3~12년,석사↑,"~ 01/04(토)
입사지원"
비전S/W개발 신입/경력 모집,(주)윈텍오토메이션,경기 수원시 영통구,신입·경력,대졸↑,"~ 12/20(금)
입사지원"
Data Engineer,(주)딥인사이트,경기전체,신입·경력,대졸↑,"~ 01/09(목)
입사지원"
"[VPN] 백엔드, 서버 개발자 채용",아타드(주),서울 강남구,경력 1~5년,대졸↑,"~ 12/24(화)
입사지원"
[클라우드서비스인프라실] 클라우드 Managed 서비스 엔지니어,(주)카카오엔터프라이즈,경기 성남시 분당구,경력무관,학력무관,"~ 02/03(월)
홈페이지 지원"
연구과제참여 - 머신/딥러닝 기반 의료영상분석 채용 공고,서울대학교병원,서울 종로구,신입·경력,대졸↑,"상시채용
입사지원"
제이엘스탠다드 개발자 및 기획자 채용,(주)제이엘스탠다드,경기 성남시 분당구,경력무관,학력무관,"~ 12/29(일)
입사지원"
인공지능 개발자 신입 및 경력직 채용,(주)에셈블,대전 유성구,경력무관,대졸↑,"~ 01/08(수)
입사지원"
[데이터분석가] Data Analyst,(주)부동산플래닛,서울 강남구,신입·경력,석사↑,"~ 12/24(화)
입사지원"
